<?xml version="1.0"?>
<ruleset name="opencage geocode Standard">

  <description>opencage geocode standard</description>

  <!-- based on another standard, you can find it here -->
  <!-- /usr/share/php/PHP/CodeSniffer/Standards/PSR2/ruleset.xml -->
  <!-- https://github.com/squizlabs/PHP_CodeSniffer/blob/master/CodeSniffer/Standards/PSR2/ruleset.xml -->
  <rule ref="PSR2"/>

  <exclude-pattern>./vendor/</exclude-pattern>
  <exclude-pattern>./tests/bootstrap.php</exclude-pattern>

  <!-- default 120 -->
  <rule ref="Generic.Files.LineLength">
    <properties>
     <property name="lineLimit" value="150"/>
     <property name="absoluteLineLimit" value="0"/>
    </properties>
  </rule>

</ruleset>
